Scenario,Campaign
PrEP-0,campaign_western_Kenya.json
PrEP-10,campaign_western_Kenya_PrEP-10.json
PrEP-20,campaign_western_Kenya_PrEP-20.json
PrEP-30,campaign_western_Kenya_PrEP-30.json
PrEP-40,campaign_western_Kenya_PrEP-40.json
PrEP-50,campaign_western_Kenya_PrEP-50.json
PrEP-60,campaign_western_Kenya_PrEP-60.json
PrEP-70,campaign_western_Kenya_PrEP-70.json
PrEP-80,campaign_western_Kenya_PrEP-80.json
PrEP-90,campaign_western_Kenya_PrEP-90.json
PrEP-100,campaign_western_Kenya_PrEP-100.json